{"cameraMode":{"drawMode":0,"name":"Shaded","section":"Shading Mode"},"sceneLighting":false,"audioPlay":false,"sceneViewState":{"showFog":true,"showMaterialUpdate":false,"showSkybox":true,"showFlares":true,"showImageEffects":true,"showParticleSystems":true},"in2DMode":false,"pivot":{"x":782.2774658203125,"y":95.16131591796875,"z":-100.10848999023438},"rotation":{"x":0.02279132977128029,"y":0.9639672040939331,"z":-0.2500569820404053,"w":0.0878600925207138},"size":533.0363159179688,"orthographic":false}